-- phpMyAdmin SQL Dump
-- version 4.5.4.1deb2ubuntu2
-- http://www.phpmyadmin.net
--
-- Host: localhost
-- Generation Time: Dec 12, 2017 at 10:08 PM
-- Server version: 5.7.20-0ubuntu0.16.04.1
-- PHP Version: 7.0.22-0ubuntu0.16.04.1

SET SQL_MODE = "NO_AUTO_VALUE_ON_ZERO";
SET time_zone = "+00:00";


/*!40101 SET @OLD_CHARACTER_SET_CLIENT=@@CHARACTER_SET_CLIENT */;
/*!40101 SET @OLD_CHARACTER_SET_RESULTS=@@CHARACTER_SET_RESULTS */;
/*!40101 SET @OLD_COLLATION_CONNECTION=@@COLLATION_CONNECTION */;
/*!40101 SET NAMES utf8mb4 */;

--
-- Database: `compta-back`
--

--
-- Dumping data for table `depenses`
--

INSERT INTO `depenses` (`id`, `montant`, `date`, `name`, `group_id`, `user_id`, `isVegetarian`) VALUES
(290, '56.65', 20170729, 'sushis', 1, 101, 1),
(291, '101.40', 20170801, 'courses', 1, 110, 1),
(293, '9.22', 20170805, 'CRS', 1, 108, 1),
(294, '12.08', 20170803, 'courses viande', 1, 103, 0),
(295, '13.57', 20170804, 'pates', 1, 110, 1),
(296, '91.04', 20170805, 'Courses burger', 1, 105, 1),
(297, '25.20', 20170805, 'Courses burger viande', 1, 105, 0),
(298, '35.58', 20170731, 'Courses viande', 1, 67, 0),
(311, '28.59', 20170730, 'Courses', 1, 111, 1),
(312, '10.99', 20170807, 'Courses viande', 1, 112, 0),
(313, '129.67', 20170807, 'Courses', 1, 112, 1),
(314, '192.46', 20170809, 'Courses biere et machins', 1, 108, 1);

--
-- Dumping data for table `groups`
--

INSERT INTO `groups` (`id`, `name`) VALUES
(1, 'Ete 2017');

--
-- Dumping data for table `mapping_groups`
--

INSERT INTO `mapping_groups` (`user_id`, `group_id`) VALUES
(66, 1),
(67, 1),
(101, 1),
(102, 1),
(103, 1),
(104, 1),
(105, 1),
(106, 1),
(107, 1),
(108, 1),
(109, 1),
(110, 1),
(111, 1),
(112, 1);

--
-- Dumping data for table `mapping_users`
--

INSERT INTO `mapping_users` (`depense_id`, `user_id`) VALUES
(287, 66),
(287, 67),
(287, 101),
(287, 102),
(287, 103),
(287, 104),
(287, 105),
(287, 106),
(287, 107),
(287, 108),
(287, 109),
(287, 110),
(287, 111),
(287, 112),
(288, 66),
(288, 67),
(288, 101),
(288, 102),
(288, 103),
(288, 104),
(288, 105),
(288, 106),
(288, 107),
(288, 108),
(288, 109),
(288, 110),
(288, 111),
(288, 112),
(289, 67),
(290, 66),
(290, 67),
(290, 101),
(290, 102),
(290, 103),
(290, 104),
(290, 105),
(290, 106),
(290, 107),
(290, 108),
(290, 109),
(290, 110),
(290, 111),
(290, 112),
(291, 67),
(292, 67),
(293, 67),
(294, 67),
(295, 67),
(295, 103),
(296, 67),
(296, 103),
(297, 67),
(297, 103),
(298, 67),
(298, 103),
(311, 66),
(311, 67),
(311, 101),
(311, 102),
(311, 103),
(311, 104),
(311, 105),
(311, 106),
(311, 107),
(311, 108),
(311, 109),
(311, 110),
(311, 111),
(311, 112),
(312, 66),
(312, 67),
(312, 101),
(312, 102),
(312, 103),
(312, 104),
(312, 105),
(312, 106),
(312, 107),
(312, 108),
(312, 109),
(312, 110),
(312, 111),
(312, 112),
(313, 66),
(313, 67),
(313, 101),
(313, 102),
(313, 103),
(313, 104),
(313, 105),
(313, 106),
(313, 107),
(313, 108),
(313, 109),
(313, 110),
(313, 111),
(313, 112),
(314, 66),
(314, 67),
(314, 101),
(314, 102),
(314, 103),
(314, 104),
(314, 105),
(314, 106),
(314, 107),
(314, 108),
(314, 109),
(314, 110),
(314, 111),
(314, 112),
(315, 66),
(315, 67),
(315, 101),
(315, 102),
(315, 103),
(315, 104),
(315, 105),
(315, 106),
(315, 107),
(315, 108),
(315, 109),
(315, 110),
(315, 111),
(315, 112),
(316, 66),
(316, 67),
(316, 101),
(316, 102),
(316, 103),
(316, 104),
(316, 105),
(316, 106),
(316, 107),
(316, 108),
(316, 109),
(316, 110),
(316, 111),
(316, 112);

--
-- Dumping data for table `users`
--

INSERT INTO `users` (`id`, `name`, `color`, `isVegetarian`) VALUES
(66, 'Eszter', 'purple', 0),
(67, 'Erwann', 'purple', 0),
(101, 'Baka', 'green', 0),
(102, 'Coraline', 'green', 0),
(103, 'Morgan', 'darkorange', 0),
(104, 'Marc', 'red', 1),
(105, 'Aurele', 'blue', 0),
(106, 'Benjamin', 'blue', 0),
(107, 'Illingus', 'white', 0),
(108, 'Rafi', 'peru', 0),
(109, 'Jerem', 'violet', 0),
(110, 'Dude', 'gold', 0),
(111, 'LN', 'gold', 0),
(112, 'MP', 'black', 0);

--
-- Dumping data for table `user_has_periods`
--

INSERT INTO `user_has_periods` (`id`, `user_id`, `start_date`, `endDate`) VALUES
(1, 66, 20170728, 20170810),
(2, 67, 20170728, 20170810),
(3, 103, 20170728, 20170815),
(4, 102, 20170728, 20170731),
(5, 104, 20170801, 20170809),
(6, 105, 20170727, 20170816),
(7, 106, 20170727, 20170816),
(8, 107, 20170729, 20170806),
(9, 108, 20170803, 20170816),
(10, 109, 20170801, 20170804),
(11, 110, 20170727, 20170811),
(12, 111, 20170727, 20170811),
(13, 112, 20170803, 20170815);

/*!40101 SET CHARACTER_SET_CLIENT=@OLD_CHARACTER_SET_CLIENT */;
/*!40101 SET CHARACTER_SET_RESULTS=@OLD_CHARACTER_SET_RESULTS */;
/*!40101 SET COLLATION_CONNECTION=@OLD_COLLATION_CONNECTION */;
